1450505854,1,4,4c553588-16dc-4337-b6d2-af5cbb0bea9b
1450507314,1,2,4c553588-16dc-4337-b6d2-af5cbb0bea9b
1450507989,1,0,4c553588-16dc-4337-b6d2-af5cbb0bea9b
1450504540,1,4,7c141314-7b8a-48b5-845d-821fcbafed53
1450508119,1,1,7c141314-7b8a-48b5-845d-821fcbafed53
1450513758,1,3,7c141314-7b8a-48b5-845d-821fcbafed53
1450502936,2,2,7fe40811-7d3b-42b9-83ff-58eee06859d9
1450503208,2,2,7fe40811-7d3b-42b9-83ff-58eee06859d9
1450503299,2,3,7fe40811-7d3b-42b9-83ff-58eee06859d9
1450503221,1,3,6507f07f-be06-4355-9067-ab7dcba6a895
1450504045,1,2,6507f07f-be06-4355-9067-ab7dcba6a895
1450507344,1,1,6507f07f-be06-4355-9067-ab7dcba6a895
1450506306,0,0,0adb6ada-6978-4d95-801f-b03289a6c12c
1450507812,0,3,0adb6ada-6978-4d95-801f-b03289a6c12c
1450508337,0,4,0adb6ada-6978-4d95-801f-b03289a6c12c
1450631930,11,12,harish
1450632049,11,13,harish
1450632155,11,14,harish